<application>
  <component name="AndroidLogcatFilterHistory">
    <option name="favorites">
      <list>
        <option value="package:mine mx " />
      </list>
    </option>
    <option name="nonFavorites">
      <list>
        <option value="package:mine " />
        <option value="package:mine mx" />
        <option value="package:mine mx XXL" />
        <option value="package:mine mx XXX" />
        <option value="package:mine lista" />
        <option value="package:mine" />
        <option value="package:mine mx valo" />
        <option value="package:mine mx fragments" />
        <option value="package:mine mx fr" />
        <option value="package:mine MX" />
        <option value="package:mine MX FRAG" />
        <option value="package:mine mx pro" />
        <option value="package:mine mx DF" />
        <option value="package:mine m" />
        <option value="mx" />
        <option value="package:mine mx maxamges" />
        <option value="package:mine mx READER" />
        <option value="package:mine HOS" />
        <option value="package:mine Host" />
        <option value="package:mine mx SPLIT_" />
      </list>
    </option>
  </component>
</application>