<application>
  <component name="CodeInsightSettings">
    <option name="AUTO_POPUP_JAVADOC_INFO" value="true" />
    <option name="HIGHLIGHT_SCOPE" value="true" />
  </component>
  <component name="CodeVisionSettings">
    <option name="defaultPosition" value="Right" />
  </component>
  <component name="DaemonCodeAnalyzerSettings">
    <option name="AUTOREPARSE_DELAY" value="0" />
  </component>
  <component name="EditorSettings">
    <option name="USE_SOFT_WRAPS" value="CONSOLE" />
    <option name="IS_WHEEL_FONTCHANGE_ENABLED" value="true" />
  </component>
  <component name="InlayHintsSettings">
    <option name="lastViewedProviderKeyId" value="parameter.hints.old" />
    <settingsMapElement>
      <kotlin.kotlin.references.types.hints>
        <Settings>
          <option name="propertyType" value="true" />
        </Settings>
      </kotlin.kotlin.references.types.hints>
      <kotlin.kotlin.lambdas.hints>
        <Settings>
          <option name="returnExpressions" value="false" />
        </Settings>
      </kotlin.kotlin.lambdas.hints>
    </settingsMapElement>
  </component>
  <component name="InlineCompletionOnboarding">
    <option name="onboardingFinished" value="true" />
  </component>
  <component name="InspectionProfileManager">
    <info color="ebc700">
      <option name="BACKGROUND" value="f6bc53" />
      <option name="ERROR_STRIPE_COLOR" value="ebc700" />
      <option name="myName" value="sin_usar" />
      <option name="myVal" value="50" />
      <option name="myExternalName" value="sin_usar" />
      <option name="myDefaultAttributes">
        <option name="ERROR_STRIPE_COLOR" value="ebc700" />
      </option>
    </info>
    <list size="9">
      <item index="0" class="java.lang.String" itemvalue="INFORMATION" />
      <item index="1" class="java.lang.String" itemvalue="TEXT ATTRIBUTES" />
      <item index="2" class="java.lang.String" itemvalue="sin_usar" />
      <item index="3" class="java.lang.String" itemvalue="TYPO" />
      <item index="4" class="java.lang.String" itemvalue="SERVER PROBLEM" />
      <item index="5" class="java.lang.String" itemvalue="WEAK WARNING" />
      <item index="6" class="java.lang.String" itemvalue="INFO" />
      <item index="7" class="java.lang.String" itemvalue="WARNING" />
      <item index="8" class="java.lang.String" itemvalue="ERROR" />
    </list>
  </component>
  <component name="JetEditorOptions">
    <option name="donTShowConversionDialog" value="true" />
  </component>
</application>