<application>
  <component name="FileTypeManager" version="19">
    <extensionMap>
      <mapping pattern="ViewExt" type="AUTO_DETECTED" />
      <mapping ext="gradle.kts" type="Kotlin" />
      <mapping ext="main.kts" type="Kotlin" />
      <mapping pattern="TRIGGER_PERMAN" type="PLAIN_TEXT" />
      <mapping ext="maxam" type="PLAIN_TEXT" />
      <mapping ext="bin" type="PLAIN_TEXT" />
      <mapping ext="lock" type="PLAIN_TEXT" />
      <mapping ext="keystore" type="PLAIN_TEXT" />
      <mapping ext="jks" type="PLAIN_TEXT" />
      <mapping ext="me" type="PLAIN_TEXT" />
      <mapping pattern="TRIGGER_PEDMAN_RECICLADO" type="SQL" />
      <removed_mapping ext="apk" approved="true" type="ARCHIVE" />
      <removed_mapping ext="jks" approved="true" type="KS" />
      <removed_mapping ext="pro" approved="true" type="DeviceSpecFile" />
      <removed_mapping ext="psd" approved="true" type="Image" />
      <mapping ext="plantuml" type="PlantUML file" />
      <mapping pattern="TRIGGER_PEDMAN_RECICLADO" type="SQL" />
    </extensionMap>
  </component>
</application>