<application>
  <component name="GoogleLoginApplicationSettings">
    <option name="activeUser" value="git.dgomezpascual@gmail.com" />
    <option name="userEmail2FeaturesStore">
      <map>
        <entry key="dgomezp.ext@maxamcorp.com">
          <value>
            <set>
              <option value="Android Vitals" />
              <option value="Firebase" />
              <option value="Gemini" />
              <option value="User Info" />
            </set>
          </value>
        </entry>
        <entry key="dgomezpascual@gmail.com">
          <value>
            <set>
              <option value="Android Vitals" />
              <option value="Firebase" />
              <option value="Gemini" />
              <option value="User Info" />
            </set>
          </value>
        </entry>
        <entry key="git.dgomezpascual@gmail.com">
          <value>
            <set>
              <option value="Android Vitals" />
              <option value="Firebase" />
              <option value="Gemini" />
              <option value="User Info" />
            </set>
          </value>
        </entry>
      </map>
    </option>
  </component>
</application>