<application>
  <component name="BuildProcessSatisfactionSurveyStore">
    <option name="daysWithGradleBuilds" value="56" />
    <option name="firstKotlinGradleBuildTime" value="1733441791" />
    <option name="lastKotlinGradleBuildTime" value="1750686103" />
    <option name="nextCountedGradleBuild" value="1750771945" />
  </component>
  <component name="KotlinNewUserTracker">
    <option name="firstKtFileOpened" value="1715090487" />
    <option name="lastKtFileOpened" value="1751324562" />
    <option name="newKtUserSince" value="1727084912" />
  </component>
</application>