<application>
  <component name="StudioBotSettings">
    <option name="acceptedTermsVersion" value="3" />
    <option name="contextSharingModeV2" value="AlwaysShare" />
    <option name="enableCodeCompletion" value="false" />
    <option name="onboardedVersion" value="3" />
    <option name="queryHistory">
      <list>
        <historyEntry timestamp="1747395638000">Explain this log entry: AdapterSyncDataReader$ViewHolder bindValues(103) -&gt; No se acumlan los resultado with tag MX_DEBUG</historyEntry>
        <historyEntry timestamp="1747042122708">Explain this log entry: DBUtils$2 run(213) -&gt; ---------------------------------------------------------------------------------------------------- with tag MX_DEBUG</historyEntry>
        <historyEntry timestamp="1746142818119">val total = resto.sumOf{ it.y }</historyEntry>
        <historyEntry timestamp="1746142805558">cual es el error val total = resto.sumOf{ it.y }?</historyEntry>
        <historyEntry timestamp="1746142793643">sdf</historyEntry>
        <historyEntry timestamp="1746142788013">Make suggestions to improve this code:
```kotlin
val total = resto.sumOf{ it.y }
```</historyEntry>
        <historyEntry timestamp="1745451143637">Explain this log entry: AdapterItemConsultaStockAlmacen$ViewHolder bind(189) -&gt; ---------------------------------------------------------------------------------------------------- with tag MX_DEBUG</historyEntry>
        <historyEntry timestamp="1743589493894">What does the error message &quot;Unexpected tokens (use ';' to separate expressions on the same line)&quot; mean?</historyEntry>
        <historyEntry timestamp="1742537821416">I'm getting the following error while syncing my project. The error is: Unexpected tokens (use ';' to separate expressions on the same line)
```
e: file:///D:/Dani/AndroidPersonal/Danility2/app/build.gradle.kts:51:17: Unexpected tokens (use ';' to separate expressions on the same line)
```
How do I fix this?</historyEntry>
        <historyEntry timestamp="1741848409868">en español</historyEntry>
        <historyEntry timestamp="1741848396928">Explain the following code: 
```kotlin
@Composable
fun DetalleCodigoProveedorUI(
    identificador: Int,
    viewModel: DetalleCodigoProveedorVM = koinViewModel(),
    navegacion: (EventosNavegacion) -&gt; Unit,
) {

    val uiState by viewModel.uiState.collectAsState()

    LaunchedEffect(Unit) { viewModel.onEvento(DetalleCodigoProveedorVM.Eventos.Cargar(identificador)) }

    when (uiState) {
        is DetalleCodigoProveedorVM.UIState.Error -&gt; ErrorScreen((uiState as DetalleCodigoProveedorVM.UIState.Error).mensaje)
        is DetalleCodigoProveedorVM.UIState.Loading -&gt; LoadingScreen((uiState as DetalleCodigoProveedorVM.UIState.Loading).mensaje)
        is DetalleCodigoProveedorVM.UIState.Success -&gt; DetalleCodigoProveedorUIScreen(
            viewModel = viewModel,
            codigoProveedorUI = (uiState as DetalleCodigoProveedorVM.UIState.Success).codigoProveedorUI,
            navegacion = navegacion
        )
    }


}
```</historyEntry>
        <historyEntry timestamp="1741419302259">I'm getting the following error while building my project. The error is: Entities and POJOs must have a usable public constructor. You can have an empty constructor or a constructor whose parameters match the fields (by name and type). - android.database.Cursor
```
$ ./gradlew :app:kaptDebugKotlin
Entities and POJOs must have a usable public constructor. You can have an empty constructor or a constructor whose parameters match the fields (by name and type). - android.database.Cursor
```
How do I fix this?</historyEntry>
        <historyEntry timestamp="1741253595444">Explain this log entry: LogsHelper callRetrofit(42) -&gt; p_usuario_id-&gt; dgomez with tag MX_DEBUG</historyEntry>
        <historyEntry timestamp="1741170123816">Explain the following code: 
```java
transient
```</historyEntry>
        <historyEntry timestamp="1741169743187">Explain this log entry: WebService getRetrofitConfiguration(150) -&gt; Host:https://FB6A6494573A4A9187C8537186167BA0.mobile.ocp.oraclecloud.com:443Reintento: true with tag MX_DEBUG</historyEntry>
        <historyEntry timestamp="1741166485240">Explain this log entry: LogsHelper callRetrofit(42) -&gt; p_usuario_password-&gt; SOSwtUvlEYNCZ6CtOW/ecQ== with tag MX_DEBUG</historyEntry>
        <historyEntry timestamp="1739969072231">Explain this log entry: Unable to open '/data/data/com.maxam.maxamgestioninventarioapp/code_cache/.overlay/base.apk/classes6.dm': No such file or directory with tag ziparchive</historyEntry>
        <historyEntry timestamp="1738918534266">hola como estas??</historyEntry>
        <historyEntry timestamp="1738541671666">Explain this crash: at android.view.ViewGroup.dispatchAttachedToWindow(ViewGroup.java:3498)
at android.view.ViewGroup.dispatchAttachedToWindow(ViewGroup.java:3498)
at android.view.ViewGroup.dispatchAttachedToWindow(ViewGroup.java:3498)
at android.view.ViewRootImpl.performTraversals(ViewRootImpl.java:2820)
at android.view.ViewRootImpl.doTraversal(ViewRootImpl.java:2328) with tag AndroidRuntime</historyEntry>
        <historyEntry timestamp="1738541669777">Explain this crash: at android.view.ViewGroup.dispatchAttachedToWindow(ViewGroup.java:3498)
at android.view.ViewGroup.dispatchAttachedToWindow(ViewGroup.java:3498)
at android.view.ViewGroup.dispatchAttachedToWindow(ViewGroup.java:3498)
at android.view.ViewRootImpl.performTraversals(ViewRootImpl.java:2820)
at android.view.ViewRootImpl.doTraversal(ViewRootImpl.java:2328) with tag AndroidRuntime</historyEntry>
        <historyEntry timestamp="1738541630509">Explain this crash: at android.view.ViewGroup.dispatchAttachedToWindow(ViewGroup.java:3498)
at android.view.ViewGroup.dispatchAttachedToWindow(ViewGroup.java:3498)
at android.view.ViewGroup.dispatchAttachedToWindow(ViewGroup.java:3498)
at android.view.ViewRootImpl.performTraversals(ViewRootImpl.java:2820)
at android.view.ViewRootImpl.doTraversal(ViewRootImpl.java:2328) with tag AndroidRuntime</historyEntry>
        <historyEntry timestamp="1738541612973">Explain this crash: at android.view.ViewGroup.dispatchAttachedToWindow(ViewGroup.java:3498)
at android.view.ViewGroup.dispatchAttachedToWindow(ViewGroup.java:3498)
at android.view.ViewGroup.dispatchAttachedToWindow(ViewGroup.java:3498)
at android.view.ViewRootImpl.performTraversals(ViewRootImpl.java:2820)
at android.view.ViewRootImpl.doTraversal(ViewRootImpl.java:2328) with tag AndroidRuntime</historyEntry>
        <historyEntry timestamp="1737368209412">Explain the following code: 
fun getAll(): List&lt;T&gt; = _getAll(UsuariosRoom())</historyEntry>
        <historyEntry timestamp="1737040094128">dame las dependencias para agregar retrodit al proyecto</historyEntry>
        <historyEntry timestamp="1737025839513">observeAsState no lo encuentro, que puedo hacer?</historyEntry>
        <historyEntry timestamp="1736933017238">ok, a partir de ahora dame todas la explicacines en español ok?</historyEntry>
        <historyEntry timestamp="1736932997534">speak in spanish?</historyEntry>
        <historyEntry timestamp="1736932969847">Explain the following code: 
@Composable
fun Screen1() {
    Box(
        contentAlignment = Alignment.Center, modifier = Modifier
            .fillMaxSize()
            .background(Color.Red)
    ) {
        Text(color = Color.White, fontSize = 20.sp, text = &quot;Pantalla 1 &quot;)
    }
}</historyEntry>
        <historyEntry timestamp="1736932956286">hola estas funcinando?</historyEntry>
        <historyEntry timestamp="1736932947129">dfg</historyEntry>
        <historyEntry timestamp="1734078646251">hola esto funciona??</historyEntry>
        <historyEntry timestamp="1734078632883">sd</historyEntry>
        <historyEntry timestamp="1733226581156">Explain this exception from my app running on Honeywell CK65 with Android version 12:
Exception:
```
java.lang.OutOfMemoryError: Failed to allocate a 24 byte allocation with 977112 free bytes and 954KB until OOM, target footprint 268435456, growth limit 268435456; giving up on allocation because &lt;1% of heap free after GC.
	com.google.gson.reflect.TypeToken.get(TypeToken.java:296)
	com.google.gson.internal.bind.TypeAdapterRuntimeTypeWrapper.write(TypeAdapterRuntimeTypeWrapper.java:56)
	com.google.gson.internal.bind.MapTypeAdapterFactory$Adapter.write(MapTypeAdapterFactory.java:208)
	com.google.gson.internal.bind.MapTypeAdapterFactory$Adapter.write(MapTypeAdapterFactory.java:145)
	com.google.gson.internal.bind.TypeAdapterRuntimeTypeWrapper.write(TypeAdapterRuntimeTypeWrapper.java:69)
	com.google.gson.internal.bind.CollectionTypeAdapterFactory$Adapter.write(CollectionTypeAdapterFactory.java:97)
	com.google.gson.internal.bind.CollectionTypeAdapterFactory$Adapter.write(CollectionTypeAdapterFactory.java:61)
	com.google.gson.internal.bind.TypeAdapterRuntimeTypeWrapper.write(TypeAdapterRuntimeTypeWrapper.java:69)
	com.google.gson.internal.bind.MapTypeAdapterFactory$Adapter.write(MapTypeAdapterFactory.java:208)
	com.google.gson.internal.bind.MapTypeAdapterFactory$Adapter.write(MapTypeAdapterFactory.java:145)
	com.google.gson.Gson.toJson(Gson.java:735)
	com.google.gson.Gson.toJsonTree(Gson.java:628)
	com.google.gson.Gson.toJsonTree(Gson.java:607)
	com.maxam.wservices.comunication.WebService$1.onResponse(WebService.java:410)
	retrofit2.ExecutorCallAdapterFactory$ExecutorCallbackCall$1$1.run(ExecutorCallAdapterFactory.java:70)
	android.os.Handler.handleCallback(Handler.java:938)
	android.os.Handler.dispatchMessage(Handler.java:99)
	android.os.Looper.loopOnce(Looper.java:201)
	android.os.Looper.loop(Looper.java:288)
	android.app.ActivityThread.main(ActivityThread.java:7939)
	java.lang.reflect.Method.invoke(Method.java:0)
	com.android.internal.os.RuntimeInit$MethodAndArgsCaller.run(RuntimeInit.java:548)
	com.android.internal.os.ZygoteInit.main(ZygoteInit.java:1009)
```</historyEntry>
        <historyEntry timestamp="1733184189657">test 
fun main() {
    d(&quot;Prueba&quot;)
    //_coldFlow()
    //_cancelFlow()
    //_map()
    //_filter()
    //_transform()
    //_take()
    //terminales()

    /*_reduce()
     _fold()*/

    //_buffer()
    //_conflate()


    //multiFlows()

    flujosAplanados()
}</historyEntry>
        <historyEntry timestamp="1733184178289">hola</historyEntry>
        <historyEntry timestamp="1728386341925">Make suggestions to improve this code:
if (!GlobalData.volverPantallaRepackingLeido || GlobalData.mostradoMensajeFinalizacionRepacking) {
                 TrabajoTemporal.guardarTmp(deliveryNoteData);
             }</historyEntry>
        <historyEntry timestamp="1728386333462">Explain the following code: 
if (!GlobalData.volverPantallaRepackingLeido || GlobalData.mostradoMensajeFinalizacionRepacking) {
                 TrabajoTemporal.guardarTmp(deliveryNoteData);
             }</historyEntry>
        <historyEntry timestamp="1727964543496">Explain the following code: 
Double cantidadNoteLineDouble = 0d;</historyEntry>
        <historyEntry timestamp="1727773830851">asd</historyEntry>
        <historyEntry timestamp="1727346107757">asd</historyEntry>
        <historyEntry timestamp="1726565532737">SFSDF</historyEntry>
        <historyEntry timestamp="1726565526578">switch (tipo) {
            case MovementTypes.ALB_MAN:
                TrabajoTemporal.guardarTmp((DeliveryNoteData) entityOp);
                break;
            case MovementTypes.RECEP_MAN:
                TrabajoTemporal.guardarTmp((ReceptionData) entityOp);
                break;

            case MovementTypes.RECEP_T:
                TrabajoTemporal.guardarTmp((ReceptionSoiData) entityOp);
                break;

            case MovementTypes.ENVIO:
                TrabajoTemporal.guardarTmp((StockTransferData) entityOp);
                break;


        }</historyEntry>
        <historyEntry timestamp="1726565521502">SDF</historyEntry>
        <historyEntry timestamp="1726565147900">HOLA ESTAS ONLINE</historyEntry>
      </list>
    </option>
  </component>
</application>