<application>
  <component name="Trusted.Paths">
    <option name="TRUSTED_PROJECT_PATHS">
      <map>
        <entry key="D:\" value="true" />
        <entry key="D:\Dani\AndroidPersonal\CACompose" value="true" />
        <entry key="D:\Dani\AndroidPersonal\CA_GPT" value="true" />
        <entry key="D:\Dani\AndroidPersonal\Compose2025" value="true" />
        <entry key="D:\Dani\AndroidPersonal\ComposeAris" value="true" />
        <entry key="D:\Dani\AndroidPersonal\CorutinesCurso" value="true" />
        <entry key="D:\Dani\AndroidPersonal\DBZ" value="true" />
        <entry key="D:\Dani\AndroidPersonal\Danility" value="true" />
        <entry key="D:\Dani\AndroidPersonal\Danility2" value="true" />
        <entry key="D:\Dani\AndroidPersonal\DragronBall" value="true" />
        <entry key="D:\Dani\AndroidPersonal\Flows" value="true" />
        <entry key="D:\Dani\AndroidPersonal\Info" value="true" />
        <entry key="D:\Dani\AndroidPersonal\MenusApps" value="true" />
        <entry key="D:\Dani\AndroidPersonal\MyApplication" value="true" />
        <entry key="D:\Dani\AndroidPersonal\MyApplication2" value="true" />
        <entry key="D:\Dani\AndroidPersonal\MyApplication3" value="true" />
        <entry key="D:\Dani\AndroidPersonal\MyApplicationCompose" value="true" />
        <entry key="D:\Dani\AndroidPersonal\Napptilus" value="true" />
        <entry key="D:\Dani\AndroidPersonal\NavegacionCompose" value="true" />
        <entry key="D:\Dani\AndroidPersonal\RequestMobility" value="true" />
        <entry key="D:\Dani\AndroidPersonal\TecladoBLT" value="true" />
        <entry key="D:\Dani\AndroidPersonal\Test2" value="true" />
        <entry key="D:\Dani\AndroidPersonal\TestCompose" value="true" />
        <entry key="D:\Dani\AndroidPersonal\TestCompose2" value="true" />
        <entry key="D:\Dani\AndroidPersonal\TestFlows" value="true" />
        <entry key="D:\Dani\AndroidPersonal\TodoAppAris" value="true" />
        <entry key="D:\Dani\AndroidPersonal\ac_fernando_cejas_inicial" value="true" />
        <entry key="D:\Dani\AndroidPersonal\ac_fernandocejas\Android-CleanArchitecture-Kotlin-main" value="true" />
        <entry key="D:\Dani\AndroidPersonal\antonioleiva\compose\compose\MarvelCompose" value="true" />
        <entry key="D:\Dani\AndroidPersonal\antonioleiva\compose\compose\MyMovies" value="true" />
        <entry key="D:\Dani\AndroidPersonal\clean-architecture-master\cleanarchitecture" value="true" />
        <entry key="D:\Dani\AndroidPersonal\jetpackc" value="true" />
        <entry key="D:\Dani\AndroidPersonal\pequechef" value="true" />
        <entry key="D:\Dani\AndroidPersonal\test" value="true" />
        <entry key="D:\Dani\AndroidPersonal\testing-expert-main\testing-expert-main" value="true" />
        <entry key="D:\Dani\AndroidPersonal\testing_curso" value="true" />
        <entry key="D:\Dani\Trabajo\Maxam\Ander" value="true" />
        <entry key="D:\Dani\Trabajo\Maxam\AnderTestNFC" value="true" />
        <entry key="D:\Dani\Trabajo\Maxam\AndertTest" value="true" />
        <entry key="D:\Dani\Trabajo\Maxam\MyApplication" value="true" />
        <entry key="D:\Dani\Trabajo\Maxam\host-card-emulation-sample-master" value="true" />
        <entry key="D:\Dani\Trabajo\Maxam\host-card-emulation-sample-master2" value="true" />
        <entry key="F:\Descargas\Chrome\HostCardEmulator-master\HostCardEmulator-master" value="true" />
        <entry key="F:\Descargas\Chrome\host-card-emulation-sample-master\host-card-emulation-sample-master" value="true" />
        <entry key="F:\Trabajo\Maxam\AzureDevOps\X-Factory-Mobile" value="true" />
        <entry key="F:\Trabajo\Maxam\Git" value="true" />
        <entry key="F:\Trabajo\Maxam\Git\GeneradorGS1" value="true" />
        <entry key="F:\Trabajo\Maxam\Git\HostCardEmulator" value="true" />
        <entry key="F:\Trabajo\Maxam\Git\HostCardEmulator\app" value="true" />
        <entry key="F:\Trabajo\Maxam\Git\MaxamGestionInventario" value="true" />
        <entry key="F:\Trabajo\Maxam\Git\MaxamTraceabilitySecurity" value="true" />
        <entry key="F:\Trabajo\Maxam\Git\MaxamTraceabilitySecurity\Android" value="true" />
        <entry key="F:\Trabajo\Maxam\Git\UpiValidator" value="true" />
        <entry key="F:\Trabajo\Maxam\Git\X-Factory-Mobile" value="true" />
        <entry key="F:\Trabajo\Maxam\Otros proyectos\ms-identity-android-java-master" value="true" />
        <entry key="F:\Trabajo\Maxam\Otros proyectos\ms-identity-android-java-master (1)" value="true" />
        <entry key="F:\Trabajo\Maxam\Otros proyectos\ms-identity-android-java-master (1)\ms-identity-android-java-master" value="true" />
        <entry key="F:\Trabajo\Maxam\Otros proyectos\old\original-ms-identity-android-java-master" value="true" />
      </map>
    </option>
  </component>
  <component name="Trusted.Paths.Settings">
    <option name="TRUSTED_PATHS">
      <list>
        <option value="F:\Trabajo\Maxam\Git" />
        <option value="F:\Trabajo\Maxam\AzureDevOps" />
        <option value="F:\Trabajo\Maxam\Otros proyectos\old" />
      </list>
    </option>
  </component>
</application>