<application>
  <component name="UISettings">
    <option name="FULL_PATHS_IN_TITLE_BAR" value="true" />
    <option name="MARK_MODIFIED_TABS_WITH_ASTERISK" value="true" />
    <option name="MAX_LOOKUP_LIST_HEIGHT" value="12" />
    <option name="MAX_LOOKUP_WIDTH2" value="841" />
    <option name="OPEN_IN_PREVIEW_TAB_IF_POSSIBLE" value="true" />
    <option name="SHOW_INPLACE_COMMENTS" value="true" />
    <option name="SHOW_PINNED_TABS_IN_A_SEPARATE_ROW" value="true" />
    <option name="UI_DENSITY" value="COMPACT" />
    <option name="CONTRAST_SCROLLBARS" value="true" />
  </component>
</application>