<application>
  <component name="UpdatesConfigurable">
    <ignoredBuildNumbers>
      <item value="" />
      <item value="223.8836.35.2231.10811636" />
      <item value="242.23339.11.2421.12700392" />
    </ignoredBuildNumbers>
    <option name="LAST_BUILD_CHECKED" value="AI-243.24978.46.2431.13363775" />
    <option name="LAST_TIME_CHECKED" value="1751261268723" />
    <option name="OBSOLETE_CUSTOM_REPOSITORIES_CLEAN_NEEDED" value="false" />
    <option name="THIRD_PARTY_PLUGINS_ALLOWED" value="true" />
  </component>
</application>