<application>
  <component name="Vcs.Log.App.Settings">
    <option name="COLUMN_ID_ORDER">
      <list>
        <option value="Default.Root" />
        <option value="Default.Author" />
        <option value="Default.Subject" />
        <option value="Default.Date" />
        <option value="Default.Hash" />
        <option value="Git.CommitSignature" />
      </list>
    </option>
    <option name="COLUMN_ID_VISIBILITY">
      <map>
        <entry key="Table.Default.Hash.ColumnIdVisibility" value="true" />
        <entry key="Table.Git.CommitSignature.ColumnIdVisibility" value="true" />
      </map>
    </option>
    <option name="CUSTOM_BOOLEAN_PROPERTIES">
      <map>
        <entry key="Change.Log.Filter.on.Branch.Selection" value="true" />
        <entry key="Navigate.Log.To.Branch.on.Branch.Selection" value="false" />
      </map>
    </option>
    <option name="LABELS_LEFT_ALIGNED" value="true" />
    <option name="PREFER_COMMIT_DATE" value="true" />
    <option name="SHOW_CHANGES_FROM_PARENTS" value="true" />
    <option name="SHOW_TAG_NAMES" value="true" />
  </component>
  <component name="VcsApplicationSettings">
    <option name="SHOW_EDITOR_PREVIEW_ON_DOUBLE_CLICK" value="false" />
  </component>
  <component name="VcsEditorTab.Settings">
    <option name="openInNewWindow" value="true" />
  </component>
</application>