<application>
  <component name="VSTSSettings">
    <option name="serverContexts">
      <array>
        <ServerContextState>
          <option name="type" value="VSO" />
          <option name="uri" value="https://dev.azure.com/maxam-galdacano" />
          <option name="serverUri" value="https://dev.azure.com/maxam-galdacano" />
          <option name="userId" value="4d7e7572-f3fa-6782-9ec4-6312d99db0ab" />
          <option name="teamProjectCollectionReference" value="{&quot;id&quot;:null,&quot;name&quot;:null,&quot;url&quot;:null}" />
          <option name="teamProjectReference" value="{&quot;abbreviation&quot;:null,&quot;description&quot;:null,&quot;id&quot;:null,&quot;name&quot;:null,&quot;revision&quot;:0,&quot;state&quot;:null,&quot;url&quot;:null}" />
        </ServerContextState>
      </array>
    </option>
    <option name="properties">
      <array>
        <PropertyState>
          <option name="name" value="tfHome" />
          <option name="value" value="" />
        </PropertyState>
        <PropertyState>
          <option name="name" value="tfvcUseReactiveClientV2" />
          <option name="value" value="true" />
        </PropertyState>
        <PropertyState>
          <option name="name" value="visualStudioTfClientPath" />
          <option name="value" value="" />
        </PropertyState>
        <PropertyState>
          <option name="name" value="lastContextKey" />
          <option name="value" value="//dev.azure.com/maxam-galdacano" />
        </PropertyState>
        <PropertyState>
          <option name="name" value="WorkItemsTab.autoRefresh" />
          <option name="value" value="false" />
        </PropertyState>
        <PropertyState>
          <option name="name" value="reactiveClientMemory" />
          <option name="value" value="2048" />
        </PropertyState>
      </array>
    </option>
  </component>
</application>