<application>
  <component name="DimensionService">
    <location key="WELCOME_SCREEN.0.0.1920.1080" x="960" y="300" />
    <location key="find.popup.0.0.1920.1080" x="821" y="196" />
    <location key="find.popup.-1920.0.1920.1080" x="-1281" y="258" />
    <location key="#com.android.tools.idea.emulator.dialogs.ManageSnapshotsDialog.0.0.1920.1080" x="552" y="197" />
    <location key="#com.intellij.structuralsearch.plugin.ui.StructuralSearchDialog.0.0.1920.1080" x="488" y="256" />
    <location key="#com.android.tools.idea.emulator.dialogs.ManageSnapshotsDialog.-1920.0.1920.1080" x="-1182" y="235" />
    <location key="#com.android.tools.idea.streaming.emulator.dialogs.ManageSnapshotsDialog.0.0.1920.1080" x="552" y="193" />
    <location key="find.popup.0.0.1920.1080@72dpi" x="245" y="170" />
    <location key="find.popup.-1920.0.1920.1080@72dpi" x="-1628" y="75" />
    <size key="find.popup.0.0.1920.1080" width="814" height="604" />
    <size key="GridCell.Tab.0.left.0.0.1920.1080" width="1823" height="197" />
    <size key="GridCell.Tab.0.center.0.0.1920.1080" width="1823" height="197" />
    <size key="GridCell.Tab.0.right.0.0.1920.1080" width="1823" height="197" />
    <size key="GridCell.Tab.0.bottom.0.0.1920.1080" width="1823" height="197" />
    <size key="GridCell.Tab.1.left.0.0.1920.1080" width="1846" height="310" />
    <size key="GridCell.Tab.1.center.0.0.1920.1080" width="1846" height="310" />
    <size key="GridCell.Tab.1.right.0.0.1920.1080" width="1846" height="310" />
    <size key="GridCell.Tab.1.bottom.0.0.1920.1080" width="1846" height="310" />
    <size key="find.popup.-1920.0.1920.1080" width="1281" height="703" />
    <size key="GridCell.Tab.0.left.-1920.0.1920.1080" width="1823" height="197" />
    <size key="GridCell.Tab.0.center.-1920.0.1920.1080" width="1823" height="197" />
    <size key="GridCell.Tab.0.right.-1920.0.1920.1080" width="1823" height="197" />
    <size key="GridCell.Tab.0.bottom.-1920.0.1920.1080" width="1823" height="197" />
    <size key="GridCell.Tab.1.left.-1920.0.1920.1080" width="1920" height="968" />
    <size key="GridCell.Tab.1.center.-1920.0.1920.1080" width="1920" height="968" />
    <size key="GridCell.Tab.1.right.-1920.0.1920.1080" width="1920" height="968" />
    <size key="GridCell.Tab.1.bottom.-1920.0.1920.1080" width="1920" height="968" />
    <size key="#com.android.tools.idea.emulator.dialogs.ManageSnapshotsDialog.0.0.1920.1080" width="816" height="816" />
    <size key="#com.intellij.structuralsearch.plugin.ui.StructuralReplaceDialog.0.0.1920.1080" width="943" height="528" />
    <size key="#com.android.tools.idea.emulator.dialogs.ManageSnapshotsDialog.-1920.0.1920.1080" width="816" height="649" />
    <size key="#com.android.tools.idea.streaming.emulator.dialogs.ManageSnapshotsDialog.0.0.1920.1080" width="829" height="816" />
    <size key="find.popup.0.0.1920.1080@72dpi" width="1281" height="705" />
    <size key="GridCell.Tab.0.left.0.0.1920.1080@72dpi" width="1870" height="205" />
    <size key="GridCell.Tab.0.center.0.0.1920.1080@72dpi" width="1870" height="205" />
    <size key="GridCell.Tab.0.right.0.0.1920.1080@72dpi" width="1870" height="205" />
    <size key="GridCell.Tab.0.bottom.0.0.1920.1080@72dpi" width="1870" height="205" />
    <size key="GridCell.Tab.1.left.0.0.1920.1080@72dpi" width="1920" height="969" />
    <size key="GridCell.Tab.1.center.0.0.1920.1080@72dpi" width="1920" height="969" />
    <size key="GridCell.Tab.1.right.0.0.1920.1080@72dpi" width="1920" height="969" />
    <size key="GridCell.Tab.1.bottom.0.0.1920.1080@72dpi" width="1920" height="969" />
    <size key="GridCell.Tab.0.left.-1920.0.1920.1080@72dpi" width="1852" height="307" />
    <size key="GridCell.Tab.0.center.-1920.0.1920.1080@72dpi" width="1852" height="307" />
    <size key="GridCell.Tab.0.right.-1920.0.1920.1080@72dpi" width="1852" height="307" />
    <size key="GridCell.Tab.0.bottom.-1920.0.1920.1080@72dpi" width="1852" height="307" />
    <size key="GridCell.Tab.1.left.-1920.0.1920.1080@72dpi" width="1920" height="969" />
    <size key="GridCell.Tab.1.center.-1920.0.1920.1080@72dpi" width="1920" height="969" />
    <size key="GridCell.Tab.1.right.-1920.0.1920.1080@72dpi" width="1920" height="969" />
    <size key="GridCell.Tab.1.bottom.-1920.0.1920.1080@72dpi" width="1920" height="969" />
    <size key="find.popup.-1920.0.1920.1080@72dpi" width="732" height="470" />
  </component>
  <component name="WindowManager">
    <frame x="15" y="0" width="1907" height="1042" />
  </component>
  <component name="WindowStateApplicationService">
    <state width="740" height="117" key="ShowUsagesActions.dimensionServiceKey" timestamp="1751298689806">
      <screen x="0" y="0" width="1920" height="1032" />
    </state>
    <state width="740" height="117" key="ShowUsagesActions.dimensionServiceKey/0.0.1920.1032/-1920.0.1920.1032" timestamp="1751298689806" />
    <state x="960" y="452" width="800" height="650" key="WELCOME_SCREEN" timestamp="1749022253477">
      <screen x="0" y="0" width="1920" height="1032" />
    </state>
    <state x="960" y="452" width="800" height="650" key="WELCOME_SCREEN/0.0.1920.1032/-1920.0.1920.1032" timestamp="1749022253477" />
  </component>
</application>